Email,SubscribedAt
qwerq@mail,03/29/2026 21:23:06
qwedfgs123@sfedu.edu,03/29/2026 21:28:53
qweq@mail,03/30/2026 08:15:47
heqoma@ozvmail.com,03/30/2026 09:55:55
heqoma@ozvmail.com,03/30/2026 10:00:41
heqoma@ozvmail.com,03/30/2026 10:02:52
qwedfgs123@sfedu.edu,03/30/2026 10:05:09
heqoma@ozvmail.com,03/30/2026 10:07:59
heqoma@ozvmail.com,03/30/2026 10:18:09
heqoma@ozvmail.com,03/30/2026 10:20:11
erezhit@ozvmail.com,04/12/2026 13:24:54
erezhit@ozvmail.com,04/12/2026 13:29:29
erezhit@ozvmail.com,04/12/2026 13:32:47
erezhit@ozvmail.com,04/12/2026 13:34:00
erezhit@ozvmail.com,04/12/2026 13:34:45
erezhit@ozvmail.com,04/12/2026 13:35:18
erezhit@ozvmail.com,04/12/2026 13:49:35
minad61101@bpotogo.com,04/13/2026 07:53:32
minad61101@bpotogo.com,04/13/2026 07:54:10
erezhit@ozvmail.com,04/13/2026 09:20:13
erezhit@ozvmail.com,04/13/2026 09:45:13
